,Name,Age,Score
148,Adam,27,61
170,Adam,27,76
171,Adrian,28,86
114,Alec,30,64
22,Alex,25,66
26,Alexander,21,79
125,Alexandria,24,83
165,Amanda,28,78
87,Amy,18,51
173,Amy,21,100
80,Andrew,21,78
147,Andrew,24,53
130,Angel,21,81
177,Angela,20,88
36,Ann,27,76
138,Anna,30,54
0,Ashley,29,76
13,Barbara,23,52
119,Benjamin,26,60
123,Bob,29,53
38,Bonnie,25,61
65,Brandon,25,89
34,Brenda,22,80
63,Brian,21,100
82,Brian,21,82
84,Brian,21,55
152,Briana,30,78
174,Bridget,23,69
167,Brittany,20,93
78,Brooke,24,91
97,Bryan,26,56
191,Caleb,18,56
9,Carol,23,87
60,Carol,23,89
168,Carrie,19,85
192,Cassidy,18,66
161,Catherine,20,79
144,Charles,27,84
179,Christine,30,54
27,Christopher,21,91
52,Christopher,21,73
104,Christopher,21,86
17,Cindy,19,63
19,Courtney,21,50
156,Craig,30,93
16,Daniel,20,68
59,Daniel,30,68
186,Danielle,21,53
98,Darryl,25,81
142,David,19,82
128,David,29,62
120,David,30,57
14,Deanna,19,63
86,Debra,27,63
105,Denise,24,82
96,Derrick,22,67
145,Devin,23,88
141,Diana,30,79
103,Diane,19,58
112,Dominic,30,55
99,Donna,29,64
127,Dylan,20,96
85,Edward,21,56
7,Elizabeth,21,92
72,Emily,21,54
28,Emma,22,84
18,Erik,25,90
10,Frank,18,100
136,George,21,99
21,Hannah,24,90
6,Heather,27,59
5,Holly,23,70
3,Jack,23,86
154,Jacqueline,28,93
1,James,24,73
102,James,25,76
181,James,26,92
109,James,28,91
47,Jamie,18,94
189,Jamie,22,72
101,Janice,24,71
81,Jasmine,24,87
71,Jason,27,59
25,Jason,28,94
196,Jenny,22,87
162,Jeremy,22,65
83,Jessica,23,53
193,Jessica,23,70
133,Jessica,26,55
169,Jessica,26,75
185,Jessica,26,86
117,Joel,27,76
12,John,20,69
2,John,29,94
43,John,30,59
29,Jon,28,79
155,Jonathon,30,77
62,Joseph,19,80
23,Joseph,22,99
68,Joseph,26,61
58,Joshua,22,81
100,Joshua,30,68
134,Julie,26,60
122,Justin,30,66
44,Karen,27,100
153,Katherine,20,62
198,Kathryn,28,85
41,Katie,25,83
108,Keith,20,100
11,Kelly,24,76
188,Kelly,27,73
66,Kent,18,85
39,Kevin,28,83
197,Kim,26,80
175,Kimberly,24,62
45,Kimberly,30,94
139,Kristine,19,84
140,Lauren,21,92
132,Lauren,28,96
15,Lawrence,25,51
64,Lawrence,28,69
111,Leslie,18,85
184,Linda,25,67
51,Lisa,30,99
91,Luis,21,76
178,Lynn,30,81
113,Madison,29,80
94,Makayla,23,84
157,Marcus,18,75
143,Marcus,26,79
195,Maria,18,96
79,Mark,20,50
158,Mark,23,98
183,Mark,29,85
56,Mason,21,53
194,Matthew,21,57
88,Matthew,28,60
116,Matthew,29,84
182,Megan,20,81
107,Melissa,20,62
4,Melissa,23,77
48,Michael,21,78
121,Michael,22,67
187,Michael,29,98
190,Michelle,19,74
61,Michelle,24,53
149,Michelle,25,73
150,Michelle,25,59
69,Molly,20,50
180,Nathaniel,24,54
46,Nicholas,19,57
53,Nicole,24,96
124,Nicole,25,88
129,Nicole,28,97
131,Pamela,26,94
75,Patricia,25,55
20,Patrick,23,95
146,Patrick,24,53
164,Paul,19,75
118,Paula,30,85
24,Phillip,22,86
57,Rebecca,27,82
67,Rebecca,28,100
74,Richard,22,69
151,Richard,23,100
93,Richard,25,51
95,Richard,30,76
42,Ricky,30,52
89,Robert,18,74
73,Robert,23,60
35,Robert,26,50
40,Robert,26,90
106,Ryan,30,83
77,Sarah,23,95
55,Sarah,29,76
159,Scott,22,54
176,Scott,22,85
50,Scott,25,72
92,Shannon,19,82
163,Shelly,19,73
115,Sherry,25,96
8,Stacy,23,57
30,Stephanie,26,51
172,Steven,25,82
110,Steven,27,54
90,Susan,18,71
37,Teresa,29,96
76,Theresa,23,100
54,Thomas,29,97
32,Tiffany,26,93
126,Timothy,24,90
199,Vanessa,24,78
33,Victoria,26,76
166,Virginia,19,65
160,Virginia,20,72
70,William,23,67
49,William,26,100
135,William,26,75
137,William,30,57
31,Yolanda,22,76
